82055042852,ceo@anzca.edu.au
82071122524,admin@gka.org.au
82074132527,principal@smmyrtleford.catholic.edu.au
82084818986,admin@sheppaccess.com.au
82094095468,wgillett@bluearth.org
82103214713,
82127444713,info@cmy.net.au
82136672681,andrew.beattie@iechs.org.au
82150945243,contact@fraynework.com.au
82151339329,companysecretary@sia.org.au
82225547102,reception@discoverychurch.com.au
82251628211,kym@kym.com.au
82388979894,info@barlowff.com.au
82500307649,principal@olsunshine.catholic.edu.au
82563872648,principal@tcsrichmondnth.catholic.edu.au
82586866464,info@kellocklodge.com.au
82622718301,principal@smtallangatta.catholic.edu.au
82678934628,secretary@acbm.org.au
82713872487,principal@sakeilor.catholic.edu.au
82758738663,bairnsdale@snap.org.au
82787261668,johnpaul@jpc.vic.edu.au
82862724352,gdsouza@melbourneanglican.org.au
82871178548,principal@spcamperdown.catholic.edu.au
82959041981,
82965609218,rhnl@rhnl.org.au
83005019670,
83024339234,info@ableaustralia.org.au
83051576062,
83086151620,charitableadmin@eqt.com.au
83121194660,info@bdrc.org.au
83135401704,admin@scc.vic.edu.au
83137849135,manager@bendigoanglican.org.au
83167130031,principal@sfmoreland.catholic.edu.au
83171137764,admin@cooindavillage.org.au
83256561925,mshort@walwabnc.com.au
83259276700,principal@olacheltenham.catholic.edu.au
83295983059,governance@artscentremelbourne.com.au
83498008518,nadco@coastguard.com.au
83541817988,tcc@mcmedia.com.au
83695178998,principal@smstkildaeast.catholic.edu.au
83751600348,info@gct.net.au
83776954731,
83786843940,CEO@cafs.org.au
83837024255,
83887357989,ileovic@onestream.com.au
83977574073,
84002705224,
84004789726,INFO@DOGSHOME.COM
84006053229,accountant@internationalneeds.org.au
84007325313,info@continence.org.au
84043519185,principal@shcolac.catholic.edu.au
84129461249,info@ladder.org.au
84129707937,
84140233790,victorianccc-info@unimelb.edu.au
84162575842,corporate@mbhbc.org.au
84168589417,alisonm@outlookvic.org.au
84250151244,annetter@mulleraterong.com.au
84281065547,stpatrickmentone@bigpond.com
84308043413,info@lifeassist.org.au
84309800184,info@jacarandavillage.org.au
84438432132,flacktrust@gmail.com
84495053605,admin@environmentvictoria.org.au
84530647942,
84574215024,principal@smmountevelyn.catholic.edu.au
84595614257,mfox@bialapeninsula.org.au
84603693288,principal@sjrochester.catholic.edu.au
84653151824,principal@cccc.vic.edu.au
84690246401,robyn.feher@mcclellandgallery.com
84775458212,info@thesubstation.org.au
84941368751,info@santamaria.vic.edu.au
85004076466,meltheos@bigpond.com.au
85005064666,info@entrust.org.au
85005596485,coasit@coasit.com.au
85005633670,anorth@mdcs.vic.edu.au
85006162152,info@intowork.com.au
85006266280,matthew_hick@megt.com.au
85006716203,ceooffice@boxhill.edu.au
85020209355,officemanager@nccc.org.au
85067699024,
85073741796,oeg@oeg.vic.edu.au
85082258946,
85085413832,enquiries@tear.org.au
85085415452,peter.odwyer@bgs.vic.edu.au
85098918686,info@orygen.org.au
85107546293,www.rslvic.com.au
85116873292,enzo.spangher@holmesglen.edu.au
85133724651,salvosaus@aus.salvationarmy.org
85176448204,financehelpdesk@cem.edu.au
85216417858,bernie@watchinc.com.au
85226094135,principal@shcroydon.catholic.edu.au
85232014290,admin@minaret.vic.edu.au
85360308462,g.vos@glenvaleschool.com.au
85413988107,information@edmundrice.org
85517169601,Admin@courtnetwork.com.au
85542735663,admin@sb.org.au
85547263045,shepprsl@sheppartonrsl.com
85558516062,principal@smshepparton.catholic.edu.au
85606286805,principal@sopascoevale.catholic.edu.au
85614237673,principal@hnpe.catholic.edu.au
85696671223,mcsw@mcauleycsw.org.au
85706989105,front.desk@enjoychurch.com.au
85725214364,enquiries@antonine.catholic.edu.au
85736208537,principal@hfbellpark.catholic.edu.au
85756114223,finance@siena.vic.edu.au
85758730140,principal@saredan.catholic.edu.au
85771551845,information@rosstrust.org.au
85912188084,
85917803177,business.manager@assumption.vic.edu.au
86004162261,smithl@ruyton.vic.edu.au
86093977621,nyildiz@mthira.vic.edu.au
86099894147,info@polyglot.org.au
86109832091,rhanson@vsk.org.au
86114195550,info@kadampa.org.au
86125810577,finance@cathyfreemanfoundation.org.au
86129637412,admin@megpn.com.au
86138521643,admin@safesteps.org.au
86144767191,melbourne@worrells.net.au
86170074372,principal@mogivanhoeeast.catholic.edu.au
86174396953,melaleuca@waterfront.net.au
86254991629,finance@cav.org.au
86266834526,principal@smdaylesford.catholic.edu.au
86390691545,chancery@sandhurst.catholic.org.au
86557688214,principal@stessendon.catholic.edu.au
86602535651,insurance@baptistinsurance.com.au
86693237685,info@greenfleet.com.au
86710277298,mary@italianservicesinstitute.org.au
86718001362,admin@youthconnect.com.au
86761951767,principal@stmhadfield.catholic.edu.au
86800958958,mpa@monash.edu
86852630495,admin@39plus.org.au
86852826445,
86977109503,principal@smgreensborough.catholic.edu.au
87004238475,raharrison@lortsmith.com
87004781122,office@lve.com.au
87005140303,reception@footscrayarts.com
87006456266,admin@hamiltoncollege.vic.edu.au
87061300918,info@westvicphn.com.au
87069837627,ranko@reach.org.au
87075933612,info@abilityworks.com.au
87080703680,info@melbournejazz.com
87093865840,bb@beyondblue.org.au
87109950361,hes@humeemp.com
87112051457,admin@westmont.org.au
87151552760,companysecretary@try.org.au
87246256707,office@shdiamondcreek.catholic.edu.au
87246330568,principal@sfoakpark.catholic.edu.au
87267901425,heart@heartresearchcentre.org
87271714796,treasury@getoffdrugs.com.au
87337503580,jarryd.b@thankyou.co
87415386165,cnciss@caseynorthciss.com.au
87486483737,principal@smaltona.catholic.edu.au
87518120221,charitableadmin@eqt.com.au
87565053651,enquiries@sovereignhill.com.au
87616069977,nicoleb@mentonegrammar.net
87670414115,office@pvcc.vic.edu.au
87690464536,
87736760135,principal@spbendigo.catholic.edu.au
87776964889,ying.lam@bchs.org.au
87866137897,principal@sjboronia.catholic.edu.au
87948696214,principal@marymede.vic.edu.au
87996634606,principal@lakesent.catholic.edu.au
88004613067,info@australianvolunteers.com
88062387499,admin@kirkbrae.org.au
88081390926,corey@outlookgardens.com.au
88109464360,Warren.Haysom@vaseyrslcare.org.au
88117035408,ojovcic@excellerateaustralia.com
88151552322,governance@ymca.org.au
88183384549,
88219345185,orgcentre@actu.org.au
88277600607,secretary@watsoniarsl.com.au
88441353792,srs@srsinc.com.au
88447370208,accounts@jesuit.org.au
88462864110,principal@cckingsville.catholic.edu.au
88491310186,admin@leongatha-rsl.com.au
88561206382,admin@islamicmuseum.org.au
88614307746,office@loyola.vic.edu.au
88646584335,companysecretary@visionaustralia.org
88762184608,peter.bishop@rmhp.org.au
88819011622,info@pallcarevic.asn.au
88846804347,provost@newman.unimelb.edu.au
88909510454,chris.mcmillan@lakeside.vic.edu.au
88912908549,dsccc31@gmail.com
88982661608,mail@havilah.org.au
88997259919,info@ethicalclothingaustralia.org.au
89068902821,communications@redr.org.au
89090842470,joanne.randall@d-o.com.au
89107286706,
89115098913,accounts@scotschurch.com
89199183200,principal@hrwhitehills.catholic.edu.au
89276382053,pcvoffice@pcvic.org.au
89277942075,mail@citylifechurch.com
89304710474,marcus.godinho@fareshare.net.au
89363058392,registrar@gippsanglican.org.au
89385189234,gdsouza@melbourneanglican.org.au
89407403824,sharpe@aapt.net.au
89443537189,hfaust@haemophilia.org.au
89453017516,principal@sjredcliffs.catholic.edu.au
89522669939,
89550850024,shepace@iinet.net.au
89704536022,accounts@gmct.com.au
89733177486,admin@glc.vic.edu.au
89738755249,secretary@bsv.net.au
89742307083,info@launchhousing.org.au
89833124364,eclc@eclc.org.au
89881683038,astreets@sfi.org.au
90004251816,
90006691185,admin@aqavic.org.au
90053304261,principal@smrutherglen.catholc.edu.au
90102661530,brad.dunstan@vcamm.com.au
90125235047,nadrasca@nadrasca.com.au
90138516072,charitableadmin@eqt.com.au
90151552331,companysecretary@try.org.au
90184214878,principal@smararat.catholic.edu.au
90187840202,information@edmundrice.org
90217244399,fkacs@fka.com.au
90355468664,info@dsr.org.au
90463327686,office@mhacare.org.au
90570452633,info@sthils.com
90670043224,principal@smwilliamstown.catholic.edu.au
90676577035,enquiries@connections.org.au
90680959928,ozchild@ozchild.org.au
90859155652,heyfieldhospitaladministration@cghs.com.au
90985898668,ccgadmin@ceomelb.catholic.edu.au
91003829616,contact@rdlaccountants.com.au
91004224211,b.manager@unicol.unimelb.edu.au
91005140385,admin@afmelbourne.com.au
91080509799,hillary@chunkymove.com.au
91089413650,
91103258126,bogong@bogong.org.au
91127532601,
91140611276,secretariat@careconnect.org.au
91308235484,principal@scmoorabbin.catholic.edu.au
91330198828,jean.courtney@tongalas.own.net.au
91469765852,contactus@karden.org.au
91480733899,info@oakleighcentre.org
91525711747,ckcc@optusnet.com.au
91531619919,info@gateway.asn.au
91566009857,admin@youthprojects.org.au
91590122834,finance@ogrouplimited.com
91648160010,admin@bticc.org.au
91653995238,charitableadmin@eqt.com.au
91887468396,info@smdplaverton.catholic.edu.au
92004057489,
92004971500,
92005909544,kenna_c@materchristi.edu.au
92067484146,cassandra.boland@aflsportsready.com.au
92086054195,info@connectgv.com.au
92087981510,info@bcg.org.au
92098187207,info@ostara.org.au
92102547393,info@launchhousing.org.au
92114767949,greynolds01@kpmg.com.au
92119459853,financehelpdesk@cem.edu.au
92124762027,finance@florey.edu.au
92126201791,Rhonda.Hinds@monash.edu
92126318442,donations@hagar.org.au
92156423755,info@murrayphn.org.au
92208024297,office@baptistcamping.com.au
92325847092,b.pederick@glenvaleschool.com.au
92518972854,admin@murrayhumanservices.org.au
92588250583,JOHN@NAGLE-CO.COM.AU
92614269575,contactus@salara.catholic.edu.au
92619716188,eh@euroahealth.com.au
92626712083,ceo@hillviewbunyip.org.au
92641325719,hesse@swarh.vic.gov.au
92646174644,salvosaus@aus.salvationarmy.org
92710981437,principal@spcdeerpark.catholic.edu.au
92780343903,
92864585091,admin@givewhereyoulive.com.au
92880074618,principal@reskeysborough.catholic.edu.au
92983576839,kmaher@tps.vic.edu.au
93000125673,admin@word.com.au
93004744763,business@queens.unimelb.edu.au
93005091805,Businessmanager@bgs.vic.edu.au
93005499758,info@hothousetheatre.com.au
93005986952,john.tyler@actf.com.au
93006058135,info@conservationvolunteers.com.au
93061557364,info@caseygrammar.vic.edu.au
93065089736,andrew.ahsang@claytonchurch.org.au
93080116883,reception@womenshousing.com.au
93093357165,company.secretary@mifellowship.org
93097333018,savealife@fightcancer.org.au
93104711275,info@veski.org.au
93114091011,info@dukeofedvic.org.au
93115633326,jason.binder@islandcare.org.au
93153323436,mpcn@mpcn.org.au
93153802805,admin@ucg.unitingcare.org.au
93235712322,info@wcig.org.au
93244161048,principal@parade.vic.edu.au
93316567100,admin@barwoncasa.org
93411092571,principal@stmonicasmp.catholic.edu.au
93430504658,reception@e-focus.org.au
93447095467,principal@spmildura.catholic.edu.au
93477132520,principal@mogardeer.catholic.edu.au
93483436215,tracey@encompass-cs.org.au
93643688099,janelleswincc@bigpond.com
93657708854,principal@smrobinvale.catholic.edu.au
93721943550,principal@skbendigo.catholic.edu.au
93731388312,sadrian@shinewing.com.au
93736262050,office@prace.vic.edu.au
93770396335,me@geelonggallery.org.au
93800951150,info@blazeacumen.com.au
93859535917,
93951300498,
93953917074,enquiries@oam.org.au
94005628035,admin@kollel.com.au
94005951673,vicky.taylor@awareindustries.com.au
94006314030,reception@kingscollege.com.au
94075125010,principal@smthornbury.catholic.edu.au
94091534826,principal@smgeelongeast.catholic.edu.au
94101549919,info@disabilityemployment.org.au
94117688829,info@foodbankvictoria.org.au
94121645145,admin@brainlink.org.au
94123522725,lnorden@hearingcrc.org
94135164817,admin@childcare.org.au
94178965125,MUFoundation-L@monash.edu
94257215547,charitableadmin@eqt.com.au
94275221734,admin@mildurarsl.com.au
94288195795,admin@nagambiehc.org.au
94314031069,kerrir@sheppvillages.com.au
94317478262,ccae@ccae.vic.edu.au
94418826995,company.secretary@hcau.org.au
94430964900,joe.konynenburg@ismapng.org.au
94440426277,mrcnw@mrcnorthwest.org.au
94493967364,reception@ceosand.catholic.edu.au
94501798767,sharon.oneill@thomascarr.vic.edu.au
94509192513,principal@olhcmurtoa.catholic.edu.au
94595597800,accounts@planetshakers.com
94626363306,ceo@stcatherineshostel.org.au
94674628619,peter.cronk@karmaiccc.asn.au
94715755241,info@johntreidtrusts.com.au
94806293897,linda@rilc.org.au
94949730469,principal@stvmorwell.catholic.edu.au
94965075115,accounts@scotschurch.com
94971437292,principal@sjbwickw.catholic.edu.au
95022653791,dusa-contact@deakin.edu.au
95027347914,calvey@chaffeyagedcare.com.au
95064042702,
95083038654,admin@blairlogie.org
95096788804,companysecretary@australianballet.com.au
95142625208,gdsouza@melbourneanglican.org.au
95142629463,john@connectinghome.org.au
95143353155,corpservices.aus@nazarethcare.com
95185481919,mwiaustralia@loreto.org.au
95290912141,enquiries@divinity.edu.au
95312088062,penbank@woodleigh.vic.edu.au
95317268827,avila@avilacollege.vic.edu.au
95428365701,admin@ccssci.org.au
95432207304,principal@sfslynbrook.catholic.edu.au
95448150232,info@florey.edu.au
95487582538,principal@sjeuroa.catholic.edu.au
95490572194,ross.carter@southportuniting.org.au
95505211826,nss@nss.org.au
95527897647,info@promcountryagedcare.com.au
95537812366,principal@spsunshinesw.catholic.edu.au
95548178271,principal@spstawell.catholic.edu.au
95673440273,info@carringtonhealth.org.au
95722374176,companysecretary@endeavour.com.au
95738551437,fom@ehhaws.org.au
95834484241,info@backtobacktheatre.com
96004505373,markt@lordsomerscamp.org.au
96004811116,gdp.industries@bigpond.com
96005454704,admin@kds.vic.edu.au
96006640544,shaw@villagebaxter.com
96039945136,stevej@dvjs.com.au
96042635740,accounts@lightmelbourne.com.au
96050732197,r.thomas@ngwala.org.au
96066593100,info@allg.org.au
96088097929,community@dgas.org.au
96105736392,afac@afac.com.au
96112236539,info@wra.org.au
96114942415,hello@childrenscancerfoundation.com.au
96134906933,info@streat.com.au
96140017725,charitableadmin@eqt.com.au
96206448228,info@smls.com.au
96221218119,info@westgatehealth.coop
96318477406,joe.konynenburg@ismapng.org.au
96372268340,john.oconnor@erea.edu.au
96386313286,principal@smswanhill.catholic.edu.au
96412620045,principal@spclayton.catholic.edu.au
96514115810,Info@amf.org.au
96525412680,
96536879169,eas@bch.org.au
96599565577,info@healthissuescentre.org.au
96718795784,principal@smseymour.catholic.edu.au
96745950522,enquiry@padua.vic.edu.au
96849793256,myerstorescommunityfund@myer.com.au
96883363085,principal@smfawkner.catholic.edu.au
96896097554,
96908082460,admin@grpsa.com.au
96914121604,principal@mscw.vic.edu.au
96948676468,principal@sjyarrajunction.catholic.edu.au
96975542603,principal@smbeaumaris.catholic.edu.au
97003186767,ausmembership@acc.com
97005122592,info@bethelfunerals.com.au
97006497632,enquiries@makeawish.org.au
97006546658,bgraham@cehl.com.au
97007293478,compliance@wintringham.org.au
97025077450,principal@sjhawthorn.catholic.edu.au
97053431888,
97071858163,
97080848628,highgate.centre@bigpond.com
97081875881,admin@theproductioncompany.com.au
97115906762,lucinda@plwf.org.au
97119800869,bcc@balcc.vic.edu.au
97134682189,kendra.overall@wheelercentre.com
97141447202,office@srgleniris.catholic.edu.au
97180413369,INFO@SPRINGVALERSL.COM.AU
97236076288,access@royalfreemasons.org.au
97239620778,
97300488255,admin@kds.vic.edu.au
97350905064,mail@unitedwayglenelg.com.au
97379402182,ea-ceo@fpv.org.au
97392135646,principal@sjnumurkah.catholic.edu.au
97397067466,info@anglicarevic.org.au
97399290733,jching128@optusnet.com.au
97420694950,info@epworth.org.au
97468305401,corporate@karingal.org.au
97577056756,admin@goodnews.vic.edu.au
97577321065,foundation@freemasonsvic.net.au
97585592579,andrew.morgan@academyofdesign.edu.au
97600179810,whm@waverleyhelpmates.com
97608839310,dschuster@sameltonsth.catholic.edu.au
97621239356,info@harvest.edu.au
97805251620,derby.st.cc@kindergarten.vic.gov.au
97809240783,principal@spwarrnambool.catholic.edu.au
97818060760,info@saqueenscliff.catholic.edu.au
97918697638,principal@resess.catholic.edu.au
97929588990,director@newhope.asn.au
98004769528,businessmanager@carmelites.org.au
98008419761,deidre.cope@heartfoundation.org.au
98057776771,
98114571881,kerri@fairtrade.com.au
98128097579,fawkrsl@people.net.au
98131762948,jacqueline.goodall@bakeridi.edu.au
98140810929,info@gateways.com.au
98152763441,info@olrkyneton.catholic.edu.au
98156878052,principal@sjwreservoirnth.catholic.edu.au
98174469248,mchs@mannchs.org.au
98176632758,principal@sasunbury.catholic.edu.au
98210761250,principal@sbburwood.catholic.edu.au
98227492950,Info@bchc.org.au
98239426680,finance@carainc.org.au
98242984588,admin@eworks.org.au
98324314950,principal@sjpenshurst.catholic.edu.au
98389348095,minifie@minifiepark.org.au
98542894389,school.office@lighthouse.vic.edu.au
98591304887,admin.cdhs@swarh.vic.gov.au
98617232200,joe.konynenburg@ismapng.org.au
98641022731,info@kirrae.org.au
98689763298,principal@gsmelbournesth.catholic.edu.au
98890057328,corpuscc@corpuscc.org.au
98906379843,ceo@dwech.com.au
98939634372,principal@slwderrimut.catholic.edu.au
98973678779,admin@stjohns.vic.edu.au
99004414224,info@sosj.org.au
99004859821,office@woodleigh.vic.edu.au
99008610035,
99023579925,admin@rabbinicalcollege.edu.au
99049307162,
99057292752,anitabriggs@girton.vic.edu.au
99060260414,accounts@multiculturalarts.com.au
99081624768,lrumbold@umfc.com.au
99123899052,
99134609833,office@kota.com.au
99165120401,info@milparinka.org.au
99202481137,admin@bdhc.com.au
99209950310,ais@adass.vic.edu.au
99214679753,principal@emsydenham.catholic.edu.au
99238594479,
99431856160,andaleschool@andale.vic.edu.au
99438951490,mtesta@crcstalbans.com.au
99451493184,principal@sjlangwarrin.catholic.edu.au
99462682567,office@smhampton.catholic.edu.au
99571965073,principal@sjcribpoint.catholic.edu.au
99572820584,info@familycare.net.au
99620048104,rce@campbelledwardstrust.org
99674034976,info@ladder.org.au
99676832382,whittlesea@ymca.org.au
99700687141,info@wateraid.org.au
99720133081,principal@sawerribee.catholic.edu.au
99748476040,principal@sbmord.catholic.edu.au
99751861942,principal@stmbairns.catholic.edu.au
99804795393,info@artsproject.org.au
99851387565,
99857937053,jetha.devapura@sharetree.org
99886741544,admin@slrv.com.au
